sequence_id,sequence
0,CTAATACGTCGACAAGAAGCTAATCAGTGGCCTTGGGGGTCATCATAACG
1,TCTCCTGAGTACGCAAGACCTGCAACAATTATAATGTTCATAATAGGTTC
2,GTGACCGTATTGACTCCGAGGATCCGCCTAGCGGGAAGTTCCCCAAAGCA
3,GTTTAGGTTGTACTCGCATGCAAAGTGGCGTCACCGGCCTCTACGTATTT
4,GGAATGCGTACGGTACTAGAAACTCAGTGGGGGACAGATCCCCGGTGGCG
5,CCTAATGGCTGCCCCGTACACAAAGGTACGTCTAGGGTCTCTCGTGCCTG
6,CTTCATGGACGCTTAGTAGGATACTGAGGGCGTAAATACACACGTGGGGG
7,CACCAAGGGCACATGGAACGAGTGCTCCACCTTAAGTACCTAAATTAGGC
8,CTACATTGGCCGGAGGTAAAAAAAGGGAACGTGGAATACTCACGCCGGGG
9,GGCGCCCTAGTTCACCAGTCGATCAACGTGAGATGGGGGGGGTCGCCACA
10,GTACTTATTAGGGTAGACAAACATAAGGATAAGTAGGATAACTCCTACGG
11,AAGGTCAGTGAAAATGACATCGGGCACGATTTGCTCATAGGTTAGCCTCG
12,GAGTGGCCACAAACGCCGATGGCCCTCGTTGGACTACGAAAGGTAGAACA
13,ACACGTACGATCTGAAGCAACGTTTACGACAAGGTTAAGTGACGCGGGGC
14,ACGCGGAGTCACTGGACAAAAGTGAAAGTCGGCTACCAAAGGGGAGGCAG
15,CTAAAGTTAAGACCAAATGCCAATTAGTGAGCGGGGAGGGGATGTTACGG
16,ACTTGCCTAGTATCACAAGCGTCCGTACTATTACGTAAAGCTCGCGGGCT
17,ATAAGTAGCAACGGAAGCAACACCAAAGAAGGGGTAAAAAGGGGCCGTTG
18,GGCAAAGGTTACGGGTCGTGTATACGTCCTAGTAGGTGCCTCCTTAACGG
19,CTCCTGAGGCGCTTCGGCGTACGAAGGGCGCATACGTACCCAAAGCGCGG
20,AAGGGGGGCCACTAGTCCAAAGGAGGCCCCCACACCCACAGTGTGCATGG
21,GACGCCGACTTAAACTCGTGGGTGCGAGCGCTAAGGGGACTGCAGCTATA
22,ACGGGCCTCGTTCGTCAGTCCGGTATAGCTCAACTCAGGGGGGTGATTGA
23,TCTTCCGCCTGCGCTGGGTGGGTAATCGCTTTAGGCCTCATGGTGTTTTA
24,GCCCATAGGAAGTATGGCAAACCAATCGGGGGCGTCCATAGACTGAGCGG
25,CCTTACCCACGGTTCCTACTATAGGGAAACTTAACCCACGCTCACGGGGA
26,GGCAAGGTCATACATAACGGTGCTGTGAGTGCGGAAGGGTGGTAACATAG
27,TGGTCCGCTGCGAGTTCGTGGAGCTAACTTTTAGATAGGGGTGGACCTTA
28,CTGAATTCATGGCCCGTGGGGTTCGTTATGGGATGTTACGCTCCAAGGTA
29,AGCGTACGGCTCTTCTACTCTCGAATGGCCTCGAAGGACCCCACGTAACT
30,ACGGCACCACATAACGCGAGGGGCCTAGGATTATTCATCAAGGTAACCTT
31,ACGGGTATATACTCAAGGATCCGCTAAAACATCCCCAAAAGTGGGGGGGG
32,GTAAGAGAGATGTAAATTACAACCTAGTGAGCCTATGCGTAATGATGCCA
33,GTCATAGGCAGGGAAGGTGAGCAACGGCAGGCGAGATACCCCCCAACCTG
34,GCGCAATCATCCTCGAGGCTCCGCTAACGTGTCGAAAGGACGGGAATTGG
35,GCAGGCCTAGCAACTATGAACACCTAATACGTGCACAGTGGCCGGGCGCT
36,ACGTACCAACAGAGGACATTCTGGGCACTCTTACCTAAAGCTCGCTCTGA
37,GGATTACGTAGCTTAGAAGCTCATAGGTGCAATACGGAGCACTGGTACGG
38,TCGTAGGCATCGGCCCCGCGCAACGCAATCGTAGCCAAAACTGCAAGGGA
39,ATACTAGGGCGGGTCCTTTCACAAAGGCCGCATGGCCACACACCCTGCCC
40,GCCTCTGCTGCAAGCCCGTCGTACGCACTGGTAGGTGGCGCTCCAACTTA
41,CTAAATTGGAGGTTAGGCCAACCAAGGTGGAGGTAGGATCAATGTCGGGG
42,GACGGAGTAGTACCTTCGTGGTATGTGACTAAAGGTGGGGATAAGGTAAA
43,TCGATCCAATCGGGTAGGAACCCCTAAGGAGGGTTTATTAGGGTAACGGA
44,TCATAACTTGTTGCGTCAACTAAAGCAAAACTACGTAACGCTACCTCTCT
45,ACGCCCAAATACTGGAGGATCCGCACAAGGAGCGTTCTAAGGGTAGTATA
46,TAGTACTTAGTACGCTAGGGGGATGGTACCCTACCCTGGGGTTAGCCTAA
47,GAGGGCCTCGTAAGTCAGAGGGTGCACGCAATATTCAGGGGGGTGACAAA
48,AGTCTTAGGAACTGAAACGAACCAAGGGGGACTAAGGACAACCACTGGGG
49,GTGAGCTACATGCATAGGAACACCTAATGGGCCTTCGGTGAGTCAACCAA
50,TTGAGGTCCCCGGAAAGTAAATATGCGTGGGCCTGATGCGGAGGATGCTG
51,TAGGCAGAAGTAAGGTCGTCTTGAGATGTGGCACGTAGAGGCACACCGAT
52,TTCTGGTTGGCGGCCCCACCGGCTGGATTCGTACTCCACTATGCAGAGCC
53,CCGTCGTACTATTGCAGGTGCGGGTCAACTATACTCCTACGGGGGGGCGG
54,TGATTACGAGATGCCACTCCGCCCGCTTGTCGTTGACGCCAGGTAAGCGT
55,TTGCCTGAGTAGGTGAGGGTGTAGGCAAGGCCCGTTCACTACGTAAGTTA
56,TATTCCACTGACAGTTCACTCTGGGTAACAAGACTCATACGGTAGGCAGA
57,TCGGCCTTAGTAAGCCAGTGATGGTAAACCTTACTCATAGGTGACGCTCA
58,GTAGAAGTTATACCTTCGTCGAATGCGGCTTCAGGTGGGGACACATTACA
59,GTACTTGGGATGGGGACAACTAAAAGCCAACCGGGGTACAACCTCTGGTT
60,TCGGCGGACTAAACCCCGTGGTGGGCAACTATACTCAGGGGGGAGATAAA
61,TCGGCTACATTCAGATGGCGCGGGCTAGCCTAACTGACAGGTAGGGCATG
62,ACACGGCGAACGTGAATGATCAACTAACACGGCCATAAAGGTTGCCCGCA
63,CCCAATGGTTGAACGGTGGGATAAGGTAACGCTACTAACGTTCCTCAGGC
64,CTCAAGGTCGCACTAGTAGCGAATGATGGGGGGTGCGCCTCACCACGTCG
65,ATAAATCGAAGCTTAGTAGTAAACTAATGGGGGATGAATCCACGTTGGGG
66,TTGGGCTACGTTACCCCATGGTAGGCACAATTACTATCTGCTCCACCACG
67,GCTTAACGTGTAAGGTCGCGCCATCTCGAAAAGACGACGCACATGGATGG
68,CTAAAACTAGCACTCCTACCGAACTAACTCGCAGGTAACGCACCATGGGA
69,TCCGGTCTTCAATGTTACGAAGGACTGGCTAACAAGGGGAACGTGCTACG
70,AGACGGCGGAACGTAACAAAAACAAGTTAACTGAAAAATAACGGTTAGGT
71,AGACGTATGGCTTGACACCTCGGGACAGAATAGGATATGCACAGCCCTGC
72,GGCGCCGGGAGCGGTTGCGGTGGTCGCGCTAAGACGGCTCTCTAGCAAAT
73,CTAGTCTTGGGACTACACCCTTATGGGTCGCCGTCGTACCAATGCTGGGT
74,GGCCTAGGGAGCTTAGTCGATATAAGGCTGACTACGGACCCACGATGCGG
75,TTCAATGCTTCACTCGGTGCGTACGGTAGGCCTAAGTCCTAACAGGGGCC
76,TGGTCCCTAGCAGCTCCGGGCGTCACAACTAAAGGAAGGGGGGGCCCTAA
77,TGGTTGTCAAATGATGCCACTCCAAACGTAAGGTTCAGTAACTAAACCCT
78,GACATAGCTGGGAAAGGGGCGACAAACGTAGGGGTCGATACCCTACGGTG
79,ACGTAACGACAAAGGTCGCTCGGACTTGAAATAAATAGAAACACCAAATT
80,GTCAAAGGGAGTCTCGTTTGGAAAGGGCAAGCTACGTACCCTCACTCTAG
81,CGTTTACGAAGAGTCGGCGAGCGACTCGGGAGTTAGCTTCACTCGATGGG
82,GAACGTGACAGGTTTATCAAACTTAAGTGTAGCTATCCTAAGCGGGTCAG
83,CCGTCTTAATCAAGGCCGTGGTTGGAAATCGTACCCAGAGGTGACGCGTA
84,CTTCAAGTTCGGGTAGTTGGACAATCACGGCGTAGCTATACTCCGTGCGG
85,AATGGCAGGATCTGGAACATCGGGAAAGCATTGCTCATACGGGGGGTTAG
86,CCCAAGGCTTCAACGGTGCGCTAGGGAATCGTCGACTGGGTTCAAATTGG
87,TGGGCCCAAGCGCTCCTCGGTGCCCACTTCCGGTTCCATCCGACAGGGCA
88,GTACAACGTAGGGTAGTTGAAAAACGGTGGGGGTCAGATACCCCTCGCGG
89,GAGACGTACGCTCCTCTGCGGGCTGAAAGTGCAGGCTGGGGGGGAGTTAA
90,GTTAAACCGTCAATCTTACGGTACGGAAACGTTAAATCCTCTCGGGGTCT
91,GTAGATGGTGCATGGTCTAGTTAATGCCACATGAAGAACACCAGAGCTAG
92,TGTCATCGTAGCCTCGTCCAAGTACTCGGGAGTATTAAACTGAATCAGTC
93,TCGGCCCTAGCTACCCAGTGGGGGTAAAGCTTACGCAGGGGGAGAGCAGA
94,TAGCCATCCTAGGCATGCAACGTGGCTACGCCCTGCCGCAAGGAAAGCTA
95,CCGTTGTAACGACCCCCATCTGAAGCACGGTTATGACTCGCTACATACTA
96,AGTGCCTATGTCCGCACCTCGGTGGTAGCACAACATATGGGGTACGCTAA
97,CCGTAGGTACACGGGCGACGCTTACTACTGTTAGCAAAAGGGGCCCCGTA
98,GTAAAGGTTACATCGATTCAACCCTAAGGCGGGTAAATGGAAGGTCGGCG
99,CTAGGCTACACGCCAATCCAAAGCAAACTGGGCGAAAGTGGGTGGCCGAA
